{"rewards": [-117.00609651462858], "eval_rewards": [-76.64430852725789], "episode_lengths": [58], "losses": []}