{"rewards": [29.29188456291668, 57.52224120778052, 71.9589548650777, 119.36489277278305, 59.97820776985345, 159.7029980289712, 122.58568567997892, 93.68228467219527, 111.35345787243436, 70.63950170650372, 73.0882937356003, 79.97049276184757, 78.09036935406814, 80.21588347216085, 110.97518053652216, 32.05610047981645, 45.592700430423555, 349.0142609416024, 36.72155946667564, 129.21216459867824, 54.67178133499829, 81.33627451187078, 36.771110793734, 34.30168153873551, 101.14851320324203, 42.15323299782365, 32.276515203404784, 68.98789322353672, 285.2296158925544, 60.10769333478246, 245.00738525465079, 124.77779585669347, 124.63343992635357, 79.69251272676317, 55.92970363682939, 75.93265960063667, 96.68991930751031, 36.79316203985147, 37.632676946471705, 33.280668843276786, 89.64155592926701], "eval_rewards": [134.57376824730665, 4999.700961326367, 4998.979858836491, 4998.541472991816], "episode_lengths": [13, 20, 26, 39, 21, 52, 43, 28, 35, 22, 27, 26, 29, 25, 35, 13, 16, 108, 14, 41, 17, 25, 16, 14, 35, 16, 13, 21, 90, 22, 79, 38, 42, 26, 21, 23, 31, 15, 14, 13, 30], "losses": []}