{"rewards": [10.691832970236376, 17.553497941454857, 36.967738854605166, 21.56661923549809, 12.200425967775155, 29.581911650961914, 22.23426287336383, 15.51018693139643, 36.92251891913084, 23.147826913379916, 28.418906480745576, 33.53192469234705, 32.40006301745575, 39.461496541823415, 15.105591591788887, 22.197293273086782, 16.043438408138012, 25.181721965428107, 23.576431009862013, 35.40837412817736, 30.591885282422343, 38.697109415494545, 30.403106940545744, 16.049591453118676, 28.60437022429936, 22.06100869228434, 33.324531464717644, 54.38352783291594, 20.556756685443176, 21.75593549763188, 32.18725157454247, 19.975888112675957, 34.11441169726549, 19.299615458749702, 26.54490655725532, 21.155549465028233, 19.66302396182177, 31.70525342478724, 36.9880895473187, 15.778674458537822, 34.29616524777392, 38.209700012106715, 35.21067464459307, 46.15332731166226, 23.52131285273655, 15.31490110592692, 24.246106544729308, 28.96563901592332, 24.750577763860942, 19.39676107228819, 16.12835143259292, 18.27938003683723, 30.54867718765241, 22.992624955277424, 26.114979398178793, 19.079228104723168, 24.239196917845806, 32.477399640704235, 18.16095120681119, 19.828488188706345, 14.75866934672733, 20.7088570990434, 36.176730333176565, 14.64342739550409, 29.85243895435575, 25.987244324946488, 16.45244154438141, 34.46707708002772, 25.33133738899832, 45.14964432319224, 20.95498174742552, 40.1395763114792, 34.70429443041483, 15.551347425598422, 56.41205737820858, 32.9632802675865, 12.576241031046504, 19.488851095912043, 41.93087763408415, 19.294265223804942, 17.22393996468122], "eval_rewards": [33.964577993521786, 210.5598078801886, 3498.3443805417746, 2134.892506484602], "episode_lengths": [7, 10, 22, 11, 8, 17, 15, 11, 20, 13, 17, 19, 17, 22, 9, 12, 9, 13, 13, 19, 19, 21, 18, 10, 17, 12, 16, 31, 11, 14, 17, 11, 18, 11, 14, 12, 11, 17, 19, 9, 20, 23, 18, 24, 12, 9, 13, 16, 14, 11, 10, 10, 15, 12, 14, 11, 15, 21, 10, 11, 9, 11, 17, 9, 15, 14, 9, 19, 14, 26, 11, 24, 17, 8, 34, 16, 8, 11, 23, 12, 10], "losses": []}