{"rewards": [-58.26493617108804, -14.145678411700658, -99.1096618986729, -100.68005697109224, -96.27040295710582, -96.06624009208494, -20.593312308209367, -115.71055644176232, -101.41106581233466, -111.99599325324161, -97.3928805467921, -95.87647911342559, -99.78240491083366, -96.771126472597, -96.04500199173594, -95.7419660516909, -117.78725371571429, -101.90059621630702, -108.66600352614762, -12.748961855187876, -109.73134175967809], "eval_rewards": [-60.751359389490894], "episode_lengths": [1000, 1000, 106, 70, 107, 88, 1000, 64, 89, 104, 79, 107, 84, 95, 93, 99, 92, 85, 161, 1000, 63], "losses": []}