{"rewards": [2.7382108051856306, -2.954310735707108, 10.642779528210019, 8.229688804369768, -2.6525373542969324, -0.24243772129104496, -2.653632709509178, 4.935340553620508, 1.7367530378824947, 14.539413896411867, 6.505852587496205, 5.5316374496827665, 6.096410054846072, -0.5528707262640513, -4.495301615377549, -2.4299098026076953, 1.6991218189663866, 3.9113637146845632, -1.7261080089063472, 9.010750088241625, -1.2605039943578618], "eval_rewards": [-5.71832557625389, -5.617644452348994, 7.4032272252496885], "episode_lengths": [13, 27, 29, 26, 17, 17, 19, 25, 15, 27, 22, 17, 19, 9, 30, 10, 20, 27, 8, 24, 11], "losses": []}