{"rewards": [-96.57497382237452], "eval_rewards": [-94.1733751479484], "episode_lengths": [82], "losses": []}