{"rewards": [43.58066300530113, 31.478760599895715, 14.955447124235935, 28.01472399705405, 37.34340786732218, 19.353272997452493, 24.7435063251242, 31.409094269071474, 22.810886005557744, 20.174570660269506, 29.644740648930185, 23.515556707564482, 28.242036437482508, 24.574720189433926, 19.82531472771613, 16.625197200153373, 22.147103117026777, 31.14711312554947, 18.071314757565197, 10.6368391590371, 30.157788630478315], "eval_rewards": [16.229923854629313, 47.76260240829326], "episode_lengths": [22, 18, 9, 17, 23, 12, 17, 20, 12, 12, 17, 13, 14, 13, 11, 9, 13, 17, 10, 8, 17], "losses": []}