{"rewards": [-2049.371609039424, -2048.9242829669956, -2062.5047484362253, -2048.107125408423, -235.1137436181705, -481.1992691035961, -593.3513087571326, -741.9563153636933, -786.9595423333118, -772.1260114008714, -760.9219914022574, -761.4148054787938, -786.5264642868407, -731.6287540743242, -760.0350683391528, -680.2354866468736, -691.9685210010053, -663.1229019202788, -610.0191683733748, -554.9326192640582, -505.8895826247519], "eval_rewards": [2745.837868134855, -475.03648853091534], "episode_lengths": [2500, 2500, 2500, 2500, 2500, 2500, 2500, 2500, 2500, 2500, 2500, 2500, 2500, 2500, 2500, 2500, 2500, 2500, 2500, 2500, 2500], "losses": []}