{"rewards": [4833.390782240758, 4753.814153670644, 5531.996888309465, 4867.9465600243975, 4926.682708217758, 4733.540489946428, 4958.954211741792, 4772.3221618802445, 4739.226636541377, 4798.603346676577, 12299.551112950294, 12136.99717156329, 12213.003331728149, 12176.491578094401, 12285.352091707106, 12461.199482117781, 12526.933119844243, 12552.372848639992, 12713.796265469138, 12690.8184552775, 12812.8133468881, 12876.966747457473, 13006.21488974107, 13261.986123208995, 13325.145438326574, 13439.680059728875, 13687.5979060966, 13737.953274991089, 13908.02772735459, 14471.310796018071, 14283.8407584946, 14615.448880022795, 15533.962777054232, 15209.801785309724, 8561.1402760895, 18802.026057661176, 19465.149241566975, 20088.61843226684, 20401.478381067875, 20461.552686362258, 20641.658500614612, 20376.655674914204, 20237.817437932685, 20124.005002147307, 20374.682046968253, 20427.876598118233, 20782.620173239375, 20832.812545399964, 20916.991858693003, 21123.23634165615, 21262.504890546217, 21271.56333580901, 21298.415276517942, 21478.92959641212, 21623.710686183706, 21676.698163504552, 21921.864107052905, 21956.50059027201, 22134.13711351953, 22230.155208006112, 22518.30893577007, 22500.95319462035, 22637.81163337954, 22775.395037966366, 22882.12767504532, 23018.14126351121, 23097.672851847117, 23130.216033869023, 23021.892994898582, 23192.934098659254, 23210.64458951333], "eval_rewards": [23236.27347966758, 22804.395150595763, 30808.36905220436, 24546.21066652988, 27050.91612837853, 63891.99491121691, 65462.987610952325], "episode_lengths": [1000, 1000, 1000, 1000, 1000, 1000, 1000, 1000, 1000, 1000, 1000, 1000, 1000, 1000, 1000, 1000, 1000, 1000, 1000, 1000, 1000, 1000, 1000, 1000, 1000, 1000, 1000, 1000, 1000, 1000, 1000, 1000, 1000, 1000, 1000, 1000, 1000, 1000, 1000, 1000, 1000, 1000, 1000, 1000, 1000, 1000, 1000, 1000, 1000, 1000, 1000, 1000, 1000, 1000, 1000, 1000, 1000, 1000, 1000, 1000, 1000, 1000, 1000, 1000, 1000, 1000, 1000, 1000, 1000, 1000, 1000], "losses": []}