{"rewards": [23.586721119228127, 19.723368815061235, 28.330796349322114, 20.877917904418734, 21.327536369751517, 15.69176398443333, 24.610449943485218, 65.26983564959302, 16.98794308175333, 52.75676563408345, 37.848644088006075, 18.510221325099934, 30.10320384365305, 15.92412272410843, 17.77395150012299, 52.44595214892881, 40.76295318898556, 39.279705895783785, 24.062070347380878, 38.838555267604995, 24.980159470534723], "eval_rewards": [38.918729930255026, 153.83172764947517], "episode_lengths": [14, 13, 16, 16, 16, 15, 13, 42, 15, 29, 22, 15, 18, 15, 13, 28, 26, 21, 13, 23, 19], "losses": []}