{"rewards": [-117.80652800220345], "eval_rewards": [-101.7723099405604], "episode_lengths": [63], "losses": []}